id,name
5uwa6tAMMfNbBFIHiI6NV4,W Sound
1TA5sGRlKUJXBN4ZyJuDIX,Blessd
3m5qlPf2OkihLz3dRYnkPA,Ovy On The Drums
1TA5sGRlKUJXBN4ZyJuDIX,Blessd
3m5qlPf2OkihLz3dRYnkPA,Ovy On The Drums
3i6lAgVHplDXb6zrjIeBeK,Kris R.
1TA5sGRlKUJXBN4ZyJuDIX,Blessd
3UTF2no3muGdiFXVujl94i,Kapo
1TA5sGRlKUJXBN4ZyJuDIX,Blessd
3i6lAgVHplDXb6zrjIeBeK,Kris R.
6B1hSmaLdOvChinK2Z7gfi,Maisak
2LRoIwlKmHjgvigdNGBHNo,Feid
2LRoIwlKmHjgvigdNGBHNo,Feid
7jAs1uPnpfNmT6e5qtEPxq,ATL Jacob
1cUpGtXcSQsovNYEZOQgOG,Nanpa Básico
7a0XAaPaK2aDSqa8p3QnC7,Beéle
1TA5sGRlKUJXBN4ZyJuDIX,Blessd
1r4hJ1h58CWwUQe3MxPuau,Maluma
790FomKkXshlbRYZFtlgla,KAROL G
7a0XAaPaK2aDSqa8p3QnC7,Beéle
3UTF2no3muGdiFXVujl94i,Kapo
3E12tRURRvPfHz0hAMCFYc,Omar Courtz
54seKvtsZauR1iauN0ptpo,De La Rose
2LRoIwlKmHjgvigdNGBHNo,Feid
0EmeFodog0BfCgMzAIvKQp,Shakira
1TA5sGRlKUJXBN4ZyJuDIX,Blessd
2LRoIwlKmHjgvigdNGBHNo,Feid
3r5dCyf2TGWQreILEV6hCk,BIANCO VELEZ
4I3K5jXaeMhm3n5x8hsPWH,DIMA & LALO
3l9G1G9MxH6DaRhwLklaf5,Oscar Maydon
0ys2OFYzWYB5hRDLCsBqxt,Fuerza Regida
2NfSBtmWe7oPw1EmetJVso,Boza
0zO8yNnw5GQgutcIyXfGBY,ELENA ROSE
1fctva4kpRbg2k3v7kwRuS,Rvssian
1mcTU81TzQhprhouKaTkpq,Rauw Alejandro
3ZpEKRjHaHANcpk10u6Ntq,Ayra Starr
7j6DKwmjbxvpQO8h914uEz,Ryan Castro
6B1hSmaLdOvChinK2Z7gfi,Maisak
1r4hJ1h58CWwUQe3MxPuau,Maluma
66ihevNkSYNzRAl44dx6jJ,Carin Leon
7iK8PXO48WeuP03g8YR51W,Myke Towers
5CiGnKThu5ctn9pBxv7DGa,benny blanco
1vyhD5VmyZ7KMfW5gqLgo5,J Balvin
2LRoIwlKmHjgvigdNGBHNo,Feid
2LRoIwlKmHjgvigdNGBHNo,Feid
3eVa5w3URK5duf6eyVDbu9,ROSÉ
0du5cEVh5yTK9QJze8zA0C,Bruno Mars
4q3ewBCX7sLwd24euuV69X,Bad Bunny
2LRoIwlKmHjgvigdNGBHNo,Feid
790FomKkXshlbRYZFtlgla,KAROL G
1HY2Jd0NmPuamShAr6KMms,Lady Gaga
0du5cEVh5yTK9QJze8zA0C,Bruno Mars
2xmhyxkjpGNBeWXVMeVWHb,Rayo & Toby
17SY5q1CMOZJBRuPcKWwPI,J Abdiel
2R21vXR83lH98kGeO99Y66,Anuel AA
1TA5sGRlKUJXBN4ZyJuDIX,Blessd
4s6Xg38sbqh4xpf4OqhVUK,iZaak
7GQDI5Vmxs92RsIRZzYT11,Pirlo
1r4hJ1h58CWwUQe3MxPuau,Maluma
3m5qlPf2OkihLz3dRYnkPA,Ovy On The Drums
7iK8PXO48WeuP03g8YR51W,Myke Towers
1TA5sGRlKUJXBN4ZyJuDIX,Blessd
7j6DKwmjbxvpQO8h914uEz,Ryan Castro
2LRoIwlKmHjgvigdNGBHNo,Feid
7GQDI5Vmxs92RsIRZzYT11,Pirlo
3jGlU8UMMo44I2xeLQ6FD3,Dalmata
2jSGzJw0ebJLu7OLVSOcBP,Plan B
2LRoIwlKmHjgvigdNGBHNo,Feid
0eHQ9o50hj6ZDNBt6Ys1sD,Yandel
790FomKkXshlbRYZFtlgla,KAROL G
12GqGscKJx3aE4t07u7eVZ,Peso Pluma
4SsVbpTthjScTS7U2hmr1X,Arcángel
0tmwSHipWxN12fsoLcFU3B,Manuel Turizo
1zng9JZpblpk48IPceRWs8,Grupo Niche
7a0XAaPaK2aDSqa8p3QnC7,Beéle
7a0XAaPaK2aDSqa8p3QnC7,Beéle
1RBzGO6Nm3uyhUSxP7EDWO,KEVIN ROLDAN
66ihevNkSYNzRAl44dx6jJ,Carin Leon
2LRoIwlKmHjgvigdNGBHNo,Feid
1tMeUu7rZWFLVhYxujL4HD,Easy
1RBzGO6Nm3uyhUSxP7EDWO,KEVIN ROLDAN
2LRoIwlKmHjgvigdNGBHNo,Feid
3qsKSpcV3ncke3hw52JSMB,Young Miko
790FomKkXshlbRYZFtlgla,KAROL G
28gNT5KBp7IjEOQoevXf9N,Camilo
66ihevNkSYNzRAl44dx6jJ,Carin Leon
